codigo_dealer,marca,metrica,mes,valor
100323,BMW,Retail,ENERO,38.0
100323,BMW,Retail,FEBRERO,38.0
100323,BMW,Retail,MARZO,39.0
100323,BMW,Retail,ABRIL,38.0
100323,BMW,Retail,MAYO,38.0
100323,BMW,Retail,JUNIO,39.0
100323,BMW,Retail,JULIO,0.0
100323,BMW,Retail,AGOSTO,0.0
100323,BMW,Retail,SEPTIEMBRE,0.0
100323,BMW,Retail,OCTUBRE,0.0
100323,BMW,Retail,NOVIEMBRE,0.0
100323,BMW,Retail,DICIEMBRE,0.0
100873,BMW,Retail,ENERO,41.0
100873,BMW,Retail,FEBRERO,42.0
100873,BMW,Retail,MARZO,42.0
100873,BMW,Retail,ABRIL,41.0
100873,BMW,Retail,MAYO,42.0
100873,BMW,Retail,JUNIO,42.0
100873,BMW,Retail,JULIO,0.0
100873,BMW,Retail,AGOSTO,0.0
100873,BMW,Retail,SEPTIEMBRE,0.0
100873,BMW,Retail,OCTUBRE,0.0
100873,BMW,Retail,NOVIEMBRE,0.0
100873,BMW,Retail,DICIEMBRE,0.0
100389,BMW,Retail,ENERO,22.0
100389,BMW,Retail,FEBRERO,22.0
100389,BMW,Retail,MARZO,22.0
100389,BMW,Retail,ABRIL,22.0
100389,BMW,Retail,MAYO,22.0
100389,BMW,Retail,JUNIO,22.0
100389,BMW,Retail,JULIO,0.0
100389,BMW,Retail,AGOSTO,0.0
100389,BMW,Retail,SEPTIEMBRE,0.0
100389,BMW,Retail,OCTUBRE,0.0
100389,BMW,Retail,NOVIEMBRE,0.0
100389,BMW,Retail,DICIEMBRE,0.0
100738,BMW,Retail,ENERO,18.0
100738,BMW,Retail,FEBRERO,19.0
100738,BMW,Retail,MARZO,19.0
100738,BMW,Retail,ABRIL,18.0
100738,BMW,Retail,MAYO,19.0
100738,BMW,Retail,JUNIO,19.0
100738,BMW,Retail,JULIO,0.0
100738,BMW,Retail,AGOSTO,0.0
100738,BMW,Retail,SEPTIEMBRE,0.0
100738,BMW,Retail,OCTUBRE,0.0
100738,BMW,Retail,NOVIEMBRE,0.0
100738,BMW,Retail,DICIEMBRE,0.0
100213,BMW,Retail,ENERO,46.0
100213,BMW,Retail,FEBRERO,47.0
100213,BMW,Retail,MARZO,47.0
100213,BMW,Retail,ABRIL,46.0
100213,BMW,Retail,MAYO,47.0
100213,BMW,Retail,JUNIO,47.0
100213,BMW,Retail,JULIO,0.0
100213,BMW,Retail,AGOSTO,0.0
100213,BMW,Retail,SEPTIEMBRE,0.0
100213,BMW,Retail,OCTUBRE,0.0
100213,BMW,Retail,NOVIEMBRE,0.0
100213,BMW,Retail,DICIEMBRE,0.0
100319,BMW,Retail,ENERO,47.0
100319,BMW,Retail,FEBRERO,49.0
100319,BMW,Retail,MARZO,49.0
100319,BMW,Retail,ABRIL,47.0
100319,BMW,Retail,MAYO,49.0
100319,BMW,Retail,JUNIO,49.0
100319,BMW,Retail,JULIO,0.0
100319,BMW,Retail,AGOSTO,0.0
100319,BMW,Retail,SEPTIEMBRE,0.0
100319,BMW,Retail,OCTUBRE,0.0
100319,BMW,Retail,NOVIEMBRE,0.0
100319,BMW,Retail,DICIEMBRE,0.0
100349,BMW,Retail,ENERO,41.0
100349,BMW,Retail,FEBRERO,41.0
100349,BMW,Retail,MARZO,43.0
100349,BMW,Retail,ABRIL,41.0
100349,BMW,Retail,MAYO,41.0
100349,BMW,Retail,JUNIO,43.0
100349,BMW,Retail,JULIO,0.0
100349,BMW,Retail,AGOSTO,0.0
100349,BMW,Retail,SEPTIEMBRE,0.0
100349,BMW,Retail,OCTUBRE,0.0
100349,BMW,Retail,NOVIEMBRE,0.0
100349,BMW,Retail,DICIEMBRE,0.0
100917,BMW,Retail,ENERO,1.0
100917,BMW,Retail,FEBRERO,1.0
100917,BMW,Retail,MARZO,18.0
100917,BMW,Retail,ABRIL,20.0
100917,BMW,Retail,MAYO,30.0
100917,BMW,Retail,JUNIO,30.0
100917,BMW,Retail,JULIO,0.0
100917,BMW,Retail,AGOSTO,0.0
100917,BMW,Retail,SEPTIEMBRE,0.0
100917,BMW,Retail,OCTUBRE,0.0
100917,BMW,Retail,NOVIEMBRE,0.0
100917,BMW,Retail,DICIEMBRE,0.0
100726,BMW,Retail,ENERO,11.0
100726,BMW,Retail,FEBRERO,12.0
100726,BMW,Retail,MARZO,12.0
100726,BMW,Retail,ABRIL,11.0
100726,BMW,Retail,MAYO,12.0
100726,BMW,Retail,JUNIO,12.0
100726,BMW,Retail,JULIO,0.0
100726,BMW,Retail,AGOSTO,0.0
100726,BMW,Retail,SEPTIEMBRE,0.0
100726,BMW,Retail,OCTUBRE,0.0
100726,BMW,Retail,NOVIEMBRE,0.0
100726,BMW,Retail,DICIEMBRE,0.0
100307,BMW,Retail,ENERO,7.0
100307,BMW,Retail,FEBRERO,7.0
100307,BMW,Retail,MARZO,7.0
100307,BMW,Retail,ABRIL,8.0
100307,BMW,Retail,MAYO,8.0
100307,BMW,Retail,JUNIO,8.0
100307,BMW,Retail,JULIO,0.0
100307,BMW,Retail,AGOSTO,0.0
100307,BMW,Retail,SEPTIEMBRE,0.0
100307,BMW,Retail,OCTUBRE,0.0
100307,BMW,Retail,NOVIEMBRE,0.0
100307,BMW,Retail,DICIEMBRE,0.0
100380,BMW,Retail,ENERO,22.0
100380,BMW,Retail,FEBRERO,22.0
100380,BMW,Retail,MARZO,22.0
100380,BMW,Retail,ABRIL,23.0
100380,BMW,Retail,MAYO,23.0
100380,BMW,Retail,JUNIO,23.0
100380,BMW,Retail,JULIO,0.0
100380,BMW,Retail,AGOSTO,0.0
100380,BMW,Retail,SEPTIEMBRE,0.0
100380,BMW,Retail,OCTUBRE,0.0
100380,BMW,Retail,NOVIEMBRE,0.0
100380,BMW,Retail,DICIEMBRE,0.0
100418,BMW,Retail,ENERO,11.0
100418,BMW,Retail,FEBRERO,11.0
100418,BMW,Retail,MARZO,11.0
100418,BMW,Retail,ABRIL,11.0
100418,BMW,Retail,MAYO,12.0
100418,BMW,Retail,JUNIO,12.0
100418,BMW,Retail,JULIO,0.0
100418,BMW,Retail,AGOSTO,0.0
100418,BMW,Retail,SEPTIEMBRE,0.0
100418,BMW,Retail,OCTUBRE,0.0
100418,BMW,Retail,NOVIEMBRE,0.0
100418,BMW,Retail,DICIEMBRE,0.0
100730,BMW,Retail,ENERO,18.0
100730,BMW,Retail,FEBRERO,18.0
100730,BMW,Retail,MARZO,18.0
100730,BMW,Retail,ABRIL,18.0
100730,BMW,Retail,MAYO,18.0
100730,BMW,Retail,JUNIO,19.0
100730,BMW,Retail,JULIO,0.0
100730,BMW,Retail,AGOSTO,0.0
100730,BMW,Retail,SEPTIEMBRE,0.0
100730,BMW,Retail,OCTUBRE,0.0
100730,BMW,Retail,NOVIEMBRE,0.0
100730,BMW,Retail,DICIEMBRE,0.0
100764,BMW,Retail,ENERO,19.0
100764,BMW,Retail,FEBRERO,19.0
100764,BMW,Retail,MARZO,19.0
100764,BMW,Retail,ABRIL,20.0
100764,BMW,Retail,MAYO,20.0
100764,BMW,Retail,JUNIO,20.0
100764,BMW,Retail,JULIO,0.0
100764,BMW,Retail,AGOSTO,0.0
100764,BMW,Retail,SEPTIEMBRE,0.0
100764,BMW,Retail,OCTUBRE,0.0
100764,BMW,Retail,NOVIEMBRE,0.0
100764,BMW,Retail,DICIEMBRE,0.0
100120,BMW,Retail,ENERO,7.0
100120,BMW,Retail,FEBRERO,7.0
100120,BMW,Retail,MARZO,7.0
100120,BMW,Retail,ABRIL,7.0
100120,BMW,Retail,MAYO,7.0
100120,BMW,Retail,JUNIO,7.0
100120,BMW,Retail,JULIO,0.0
100120,BMW,Retail,AGOSTO,0.0
100120,BMW,Retail,SEPTIEMBRE,0.0
100120,BMW,Retail,OCTUBRE,0.0
100120,BMW,Retail,NOVIEMBRE,0.0
100120,BMW,Retail,DICIEMBRE,0.0
100146,BMW,Retail,ENERO,7.0
100146,BMW,Retail,FEBRERO,7.0
100146,BMW,Retail,MARZO,7.0
100146,BMW,Retail,ABRIL,8.0
100146,BMW,Retail,MAYO,8.0
100146,BMW,Retail,JUNIO,8.0
100146,BMW,Retail,JULIO,0.0
100146,BMW,Retail,AGOSTO,0.0
100146,BMW,Retail,SEPTIEMBRE,0.0
100146,BMW,Retail,OCTUBRE,0.0
100146,BMW,Retail,NOVIEMBRE,0.0
100146,BMW,Retail,DICIEMBRE,0.0
100155,BMW,Retail,ENERO,10.0
100155,BMW,Retail,FEBRERO,10.0
100155,BMW,Retail,MARZO,10.0
100155,BMW,Retail,ABRIL,10.0
100155,BMW,Retail,MAYO,10.0
100155,BMW,Retail,JUNIO,10.0
100155,BMW,Retail,JULIO,0.0
100155,BMW,Retail,AGOSTO,0.0
100155,BMW,Retail,SEPTIEMBRE,0.0
100155,BMW,Retail,OCTUBRE,0.0
100155,BMW,Retail,NOVIEMBRE,0.0
100155,BMW,Retail,DICIEMBRE,0.0
100304,BMW,Retail,ENERO,15.0
100304,BMW,Retail,FEBRERO,16.0
100304,BMW,Retail,MARZO,16.0
100304,BMW,Retail,ABRIL,16.0
100304,BMW,Retail,MAYO,16.0
100304,BMW,Retail,JUNIO,16.0
100304,BMW,Retail,JULIO,0.0
100304,BMW,Retail,AGOSTO,0.0
100304,BMW,Retail,SEPTIEMBRE,0.0
100304,BMW,Retail,OCTUBRE,0.0
100304,BMW,Retail,NOVIEMBRE,0.0
100304,BMW,Retail,DICIEMBRE,0.0
100346,BMW,Retail,ENERO,10.0
100346,BMW,Retail,FEBRERO,10.0
100346,BMW,Retail,MARZO,10.0
100346,BMW,Retail,ABRIL,10.0
100346,BMW,Retail,MAYO,10.0
100346,BMW,Retail,JUNIO,10.0
100346,BMW,Retail,JULIO,11.0
100346,BMW,Retail,AGOSTO,10.0
100346,BMW,Retail,SEPTIEMBRE,11.0
100346,BMW,Retail,OCTUBRE,11.0
100346,BMW,Retail,NOVIEMBRE,11.0
100346,BMW,Retail,DICIEMBRE,11.0
100454,BMW,Retail,ENERO,4.0
100454,BMW,Retail,FEBRERO,4.0
100454,BMW,Retail,MARZO,4.0
100454,BMW,Retail,ABRIL,4.0
100454,BMW,Retail,MAYO,4.0
100454,BMW,Retail,JUNIO,4.0
100454,BMW,Retail,JULIO,0.0
100454,BMW,Retail,AGOSTO,0.0
100454,BMW,Retail,SEPTIEMBRE,0.0
100454,BMW,Retail,OCTUBRE,0.0
100454,BMW,Retail,NOVIEMBRE,0.0
100454,BMW,Retail,DICIEMBRE,0.0
100571,BMW,Retail,ENERO,6.0
100571,BMW,Retail,FEBRERO,6.0
100571,BMW,Retail,MARZO,6.0
100571,BMW,Retail,ABRIL,6.0
100571,BMW,Retail,MAYO,6.0
100571,BMW,Retail,JUNIO,6.0
100571,BMW,Retail,JULIO,0.0
100571,BMW,Retail,AGOSTO,0.0
100571,BMW,Retail,SEPTIEMBRE,0.0
100571,BMW,Retail,OCTUBRE,0.0
100571,BMW,Retail,NOVIEMBRE,0.0
100571,BMW,Retail,DICIEMBRE,0.0
100015,BMW,Retail,ENERO,12.0
100015,BMW,Retail,FEBRERO,12.0
100015,BMW,Retail,MARZO,12.0
100015,BMW,Retail,ABRIL,13.0
100015,BMW,Retail,MAYO,13.0
100015,BMW,Retail,JUNIO,13.0
100015,BMW,Retail,JULIO,11.0
100015,BMW,Retail,AGOSTO,9.0
100015,BMW,Retail,SEPTIEMBRE,12.0
100015,BMW,Retail,OCTUBRE,12.0
100015,BMW,Retail,NOVIEMBRE,12.0
100015,BMW,Retail,DICIEMBRE,11.0
100190,BMW,Retail,ENERO,16.0
100190,BMW,Retail,FEBRERO,16.0
100190,BMW,Retail,MARZO,17.0
100190,BMW,Retail,ABRIL,17.0
100190,BMW,Retail,MAYO,17.0
100190,BMW,Retail,JUNIO,17.0
100190,BMW,Retail,JULIO,15.0
100190,BMW,Retail,AGOSTO,12.0
100190,BMW,Retail,SEPTIEMBRE,15.0
100190,BMW,Retail,OCTUBRE,16.0
100190,BMW,Retail,NOVIEMBRE,17.0
100190,BMW,Retail,DICIEMBRE,15.0
100379,BMW,Retail,ENERO,18.0
100379,BMW,Retail,FEBRERO,18.0
100379,BMW,Retail,MARZO,18.0
100379,BMW,Retail,ABRIL,18.0
100379,BMW,Retail,MAYO,19.0
100379,BMW,Retail,JUNIO,19.0
100379,BMW,Retail,JULIO,15.0
100379,BMW,Retail,AGOSTO,14.0
100379,BMW,Retail,SEPTIEMBRE,15.0
100379,BMW,Retail,OCTUBRE,20.0
100379,BMW,Retail,NOVIEMBRE,19.0
100379,BMW,Retail,DICIEMBRE,17.0
100410,BMW,Retail,ENERO,23.0
100410,BMW,Retail,FEBRERO,23.0
100410,BMW,Retail,MARZO,23.0
100410,BMW,Retail,ABRIL,23.0
100410,BMW,Retail,MAYO,24.0
100410,BMW,Retail,JUNIO,24.0
100410,BMW,Retail,JULIO,20.0
100410,BMW,Retail,AGOSTO,18.0
100410,BMW,Retail,SEPTIEMBRE,23.0
100410,BMW,Retail,OCTUBRE,27.0
100410,BMW,Retail,NOVIEMBRE,26.0
100410,BMW,Retail,DICIEMBRE,26.0
100739,BMW,Retail,ENERO,10.0
100739,BMW,Retail,FEBRERO,10.0
100739,BMW,Retail,MARZO,10.0
100739,BMW,Retail,ABRIL,10.0
100739,BMW,Retail,MAYO,11.0
100739,BMW,Retail,JUNIO,11.0
100739,BMW,Retail,JULIO,8.0
100739,BMW,Retail,AGOSTO,7.0
100739,BMW,Retail,SEPTIEMBRE,9.0
100739,BMW,Retail,OCTUBRE,9.0
100739,BMW,Retail,NOVIEMBRE,9.0
100739,BMW,Retail,DICIEMBRE,8.0
100348,BMW,Retail,ENERO,25.0
100348,BMW,Retail,FEBRERO,26.0
100348,BMW,Retail,MARZO,26.0
100348,BMW,Retail,ABRIL,26.0
100348,BMW,Retail,MAYO,26.0
100348,BMW,Retail,JUNIO,26.0
100348,BMW,Retail,JULIO,0.0
100348,BMW,Retail,AGOSTO,0.0
100348,BMW,Retail,SEPTIEMBRE,0.0
100348,BMW,Retail,OCTUBRE,0.0
100348,BMW,Retail,NOVIEMBRE,0.0
100348,BMW,Retail,DICIEMBRE,0.0
100585,BMW,Retail,ENERO,6.0
100585,BMW,Retail,FEBRERO,6.0
100585,BMW,Retail,MARZO,7.0
100585,BMW,Retail,ABRIL,6.0
100585,BMW,Retail,MAYO,6.0
100585,BMW,Retail,JUNIO,7.0
100585,BMW,Retail,JULIO,6.0
100585,BMW,Retail,AGOSTO,6.0
100585,BMW,Retail,SEPTIEMBRE,6.0
100585,BMW,Retail,OCTUBRE,6.0
100585,BMW,Retail,NOVIEMBRE,6.0
100585,BMW,Retail,DICIEMBRE,8.0
100597,BMW,Retail,ENERO,6.0
100597,BMW,Retail,FEBRERO,6.0
100597,BMW,Retail,MARZO,6.0
100597,BMW,Retail,ABRIL,6.0
100597,BMW,Retail,MAYO,6.0
100597,BMW,Retail,JUNIO,7.0
100597,BMW,Retail,JULIO,6.0
100597,BMW,Retail,AGOSTO,6.0
100597,BMW,Retail,SEPTIEMBRE,6.0
100597,BMW,Retail,OCTUBRE,6.0
100597,BMW,Retail,NOVIEMBRE,6.0
100597,BMW,Retail,DICIEMBRE,7.0
100727,BMW,Retail,ENERO,10.0
100727,BMW,Retail,FEBRERO,11.0
100727,BMW,Retail,MARZO,12.0
100727,BMW,Retail,ABRIL,12.0
100727,BMW,Retail,MAYO,12.0
100727,BMW,Retail,JUNIO,13.0
100727,BMW,Retail,JULIO,0.0
100727,BMW,Retail,AGOSTO,0.0
100727,BMW,Retail,SEPTIEMBRE,0.0
100727,BMW,Retail,OCTUBRE,0.0
100727,BMW,Retail,NOVIEMBRE,0.0
100727,BMW,Retail,DICIEMBRE,0.0
100728,BMW,Retail,ENERO,30.0
100728,BMW,Retail,FEBRERO,31.0
100728,BMW,Retail,MARZO,31.0
100728,BMW,Retail,ABRIL,31.0
100728,BMW,Retail,MAYO,31.0
100728,BMW,Retail,JUNIO,31.0
100728,BMW,Retail,JULIO,32.0
100728,BMW,Retail,AGOSTO,32.0
100728,BMW,Retail,SEPTIEMBRE,32.0
100728,BMW,Retail,OCTUBRE,32.0
100728,BMW,Retail,NOVIEMBRE,32.0
100728,BMW,Retail,DICIEMBRE,30.0
100817,BMW,Retail,ENERO,30.0
100817,BMW,Retail,FEBRERO,30.0
100817,BMW,Retail,MARZO,30.0
100817,BMW,Retail,ABRIL,30.0
100817,BMW,Retail,MAYO,30.0
100817,BMW,Retail,JUNIO,30.0
100817,BMW,Retail,JULIO,33.0
100817,BMW,Retail,AGOSTO,33.0
100817,BMW,Retail,SEPTIEMBRE,33.0
100817,BMW,Retail,OCTUBRE,33.0
100817,BMW,Retail,NOVIEMBRE,33.0
100817,BMW,Retail,DICIEMBRE,35.0
100909,BMW,Retail,ENERO,28.0
100909,BMW,Retail,FEBRERO,28.0
100909,BMW,Retail,MARZO,28.0
100909,BMW,Retail,ABRIL,28.0
100909,BMW,Retail,MAYO,28.0
100909,BMW,Retail,JUNIO,28.0
100909,BMW,Retail,JULIO,0.0
100909,BMW,Retail,AGOSTO,0.0
100909,BMW,Retail,SEPTIEMBRE,0.0
100909,BMW,Retail,OCTUBRE,0.0
100909,BMW,Retail,NOVIEMBRE,0.0
100909,BMW,Retail,DICIEMBRE,0.0
100572,BMW,Retail,ENERO,67.0
100572,BMW,Retail,FEBRERO,67.0
100572,BMW,Retail,MARZO,67.0
100572,BMW,Retail,ABRIL,67.0
100572,BMW,Retail,MAYO,67.0
100572,BMW,Retail,JUNIO,67.0
100572,BMW,Retail,JULIO,0.0
100572,BMW,Retail,AGOSTO,0.0
100572,BMW,Retail,SEPTIEMBRE,0.0
100572,BMW,Retail,OCTUBRE,0.0
100572,BMW,Retail,NOVIEMBRE,0.0
100572,BMW,Retail,DICIEMBRE,0.0
100584,BMW,Retail,ENERO,16.0
100584,BMW,Retail,FEBRERO,16.0
100584,BMW,Retail,MARZO,16.0
100584,BMW,Retail,ABRIL,16.0
100584,BMW,Retail,MAYO,16.0
100584,BMW,Retail,JUNIO,17.0
100584,BMW,Retail,JULIO,0.0
100584,BMW,Retail,AGOSTO,0.0
100584,BMW,Retail,SEPTIEMBRE,0.0
100584,BMW,Retail,OCTUBRE,0.0
100584,BMW,Retail,NOVIEMBRE,0.0
100584,BMW,Retail,DICIEMBRE,0.0
100765,BMW,Retail,ENERO,4.0
100765,BMW,Retail,FEBRERO,4.0
100765,BMW,Retail,MARZO,5.0
100765,BMW,Retail,ABRIL,4.0
100765,BMW,Retail,MAYO,5.0
100765,BMW,Retail,JUNIO,5.0
100765,BMW,Retail,JULIO,0.0
100765,BMW,Retail,AGOSTO,0.0
100765,BMW,Retail,SEPTIEMBRE,0.0
100765,BMW,Retail,OCTUBRE,0.0
100765,BMW,Retail,NOVIEMBRE,0.0
100765,BMW,Retail,DICIEMBRE,0.0
100002,BMW,Retail,ENERO,19.0
100002,BMW,Retail,FEBRERO,19.0
100002,BMW,Retail,MARZO,19.0
100002,BMW,Retail,ABRIL,19.0
100002,BMW,Retail,MAYO,19.0
100002,BMW,Retail,JUNIO,20.0
100002,BMW,Retail,JULIO,0.0
100002,BMW,Retail,AGOSTO,0.0
100002,BMW,Retail,SEPTIEMBRE,0.0
100002,BMW,Retail,OCTUBRE,0.0
100002,BMW,Retail,NOVIEMBRE,0.0
100002,BMW,Retail,DICIEMBRE,0.0
100062,BMW,Retail,ENERO,39.0
100062,BMW,Retail,FEBRERO,39.0
100062,BMW,Retail,MARZO,39.0
100062,BMW,Retail,ABRIL,39.0
100062,BMW,Retail,MAYO,39.0
100062,BMW,Retail,JUNIO,39.0
100062,BMW,Retail,JULIO,0.0
100062,BMW,Retail,AGOSTO,0.0
100062,BMW,Retail,SEPTIEMBRE,0.0
100062,BMW,Retail,OCTUBRE,0.0
100062,BMW,Retail,NOVIEMBRE,0.0
100062,BMW,Retail,DICIEMBRE,0.0
100206,BMW,Retail,ENERO,25.0
100206,BMW,Retail,FEBRERO,25.0
100206,BMW,Retail,MARZO,25.0
100206,BMW,Retail,ABRIL,25.0
100206,BMW,Retail,MAYO,25.0
100206,BMW,Retail,JUNIO,25.0
100206,BMW,Retail,JULIO,0.0
100206,BMW,Retail,AGOSTO,0.0
100206,BMW,Retail,SEPTIEMBRE,0.0
100206,BMW,Retail,OCTUBRE,0.0
100206,BMW,Retail,NOVIEMBRE,0.0
100206,BMW,Retail,DICIEMBRE,0.0
100394,BMW,Retail,ENERO,10.0
100394,BMW,Retail,FEBRERO,10.0
100394,BMW,Retail,MARZO,10.0
100394,BMW,Retail,ABRIL,10.0
100394,BMW,Retail,MAYO,10.0
100394,BMW,Retail,JUNIO,10.0
100394,BMW,Retail,JULIO,0.0
100394,BMW,Retail,AGOSTO,0.0
100394,BMW,Retail,SEPTIEMBRE,0.0
100394,BMW,Retail,OCTUBRE,0.0
100394,BMW,Retail,NOVIEMBRE,0.0
100394,BMW,Retail,DICIEMBRE,0.0
100468,BMW,Retail,ENERO,28.0
100468,BMW,Retail,FEBRERO,28.0
100468,BMW,Retail,MARZO,29.0
100468,BMW,Retail,ABRIL,28.0
100468,BMW,Retail,MAYO,29.0
100468,BMW,Retail,JUNIO,29.0
100468,BMW,Retail,JULIO,0.0
100468,BMW,Retail,AGOSTO,0.0
100468,BMW,Retail,SEPTIEMBRE,0.0
100468,BMW,Retail,OCTUBRE,0.0
100468,BMW,Retail,NOVIEMBRE,0.0
100468,BMW,Retail,DICIEMBRE,0.0
100734,BMW,Retail,ENERO,33.0
100734,BMW,Retail,FEBRERO,33.0
100734,BMW,Retail,MARZO,34.0
100734,BMW,Retail,ABRIL,33.0
100734,BMW,Retail,MAYO,33.0
100734,BMW,Retail,JUNIO,34.0
100734,BMW,Retail,JULIO,0.0
100734,BMW,Retail,AGOSTO,0.0
100734,BMW,Retail,SEPTIEMBRE,0.0
100734,BMW,Retail,OCTUBRE,0.0
100734,BMW,Retail,NOVIEMBRE,0.0
100734,BMW,Retail,DICIEMBRE,0.0
100311,BMW,Retail,ENERO,26.0
100311,BMW,Retail,FEBRERO,26.0
100311,BMW,Retail,MARZO,26.0
100311,BMW,Retail,ABRIL,27.0
100311,BMW,Retail,MAYO,27.0
100311,BMW,Retail,JUNIO,28.0
100311,BMW,Retail,JULIO,26.0
100311,BMW,Retail,AGOSTO,23.0
100311,BMW,Retail,SEPTIEMBRE,26.0
100311,BMW,Retail,OCTUBRE,30.0
100311,BMW,Retail,NOVIEMBRE,30.0
100311,BMW,Retail,DICIEMBRE,25.0
100393,BMW,Retail,ENERO,34.0
100393,BMW,Retail,FEBRERO,34.0
100393,BMW,Retail,MARZO,34.0
100393,BMW,Retail,ABRIL,34.0
100393,BMW,Retail,MAYO,34.0
100393,BMW,Retail,JUNIO,35.0
100393,BMW,Retail,JULIO,0.0
100393,BMW,Retail,AGOSTO,0.0
100393,BMW,Retail,SEPTIEMBRE,0.0
100393,BMW,Retail,OCTUBRE,0.0
100393,BMW,Retail,NOVIEMBRE,0.0
100393,BMW,Retail,DICIEMBRE,0.0
100586,BMW,Retail,ENERO,39.0
100586,BMW,Retail,FEBRERO,39.0
100586,BMW,Retail,MARZO,39.0
100586,BMW,Retail,ABRIL,39.0
100586,BMW,Retail,MAYO,39.0
100586,BMW,Retail,JUNIO,40.0
100586,BMW,Retail,JULIO,0.0
100586,BMW,Retail,AGOSTO,0.0
100586,BMW,Retail,SEPTIEMBRE,0.0
100586,BMW,Retail,OCTUBRE,0.0
100586,BMW,Retail,NOVIEMBRE,0.0
100586,BMW,Retail,DICIEMBRE,0.0
100813,BMW,Retail,ENERO,22.0
100813,BMW,Retail,FEBRERO,22.0
100813,BMW,Retail,MARZO,22.0
100813,BMW,Retail,ABRIL,23.0
100813,BMW,Retail,MAYO,23.0
100813,BMW,Retail,JUNIO,23.0
100813,BMW,Retail,JULIO,0.0
100813,BMW,Retail,AGOSTO,0.0
100813,BMW,Retail,SEPTIEMBRE,0.0
100813,BMW,Retail,OCTUBRE,0.0
100813,BMW,Retail,NOVIEMBRE,0.0
100813,BMW,Retail,DICIEMBRE,0.0
100344,BMW,Retail,ENERO,33.0
100344,BMW,Retail,FEBRERO,33.0
100344,BMW,Retail,MARZO,33.0
100344,BMW,Retail,ABRIL,33.0
100344,BMW,Retail,MAYO,34.0
100344,BMW,Retail,JUNIO,34.0
100344,BMW,Retail,JULIO,0.0
100344,BMW,Retail,AGOSTO,0.0
100344,BMW,Retail,SEPTIEMBRE,0.0
100344,BMW,Retail,OCTUBRE,0.0
100344,BMW,Retail,NOVIEMBRE,0.0
100344,BMW,Retail,DICIEMBRE,0.0
100422,BMW,Retail,ENERO,15.0
100422,BMW,Retail,FEBRERO,15.0
100422,BMW,Retail,MARZO,15.0
100422,BMW,Retail,ABRIL,15.0
100422,BMW,Retail,MAYO,15.0
100422,BMW,Retail,JUNIO,15.0
100422,BMW,Retail,JULIO,0.0
100422,BMW,Retail,AGOSTO,0.0
100422,BMW,Retail,SEPTIEMBRE,0.0
100422,BMW,Retail,OCTUBRE,0.0
100422,BMW,Retail,NOVIEMBRE,0.0
100422,BMW,Retail,DICIEMBRE,0.0
100549,BMW,Retail,ENERO,7.0
100549,BMW,Retail,FEBRERO,7.0
100549,BMW,Retail,MARZO,7.0
100549,BMW,Retail,ABRIL,7.0
100549,BMW,Retail,MAYO,7.0
100549,BMW,Retail,JUNIO,7.0
100549,BMW,Retail,JULIO,0.0
100549,BMW,Retail,AGOSTO,0.0
100549,BMW,Retail,SEPTIEMBRE,0.0
100549,BMW,Retail,OCTUBRE,0.0
100549,BMW,Retail,NOVIEMBRE,0.0
100549,BMW,Retail,DICIEMBRE,0.0
100589,BMW,Retail,ENERO,22.0
100589,BMW,Retail,FEBRERO,22.0
100589,BMW,Retail,MARZO,22.0
100589,BMW,Retail,ABRIL,23.0
100589,BMW,Retail,MAYO,23.0
100589,BMW,Retail,JUNIO,23.0
100589,BMW,Retail,JULIO,0.0
100589,BMW,Retail,AGOSTO,0.0
100589,BMW,Retail,SEPTIEMBRE,0.0
100589,BMW,Retail,OCTUBRE,0.0
100589,BMW,Retail,NOVIEMBRE,0.0
100589,BMW,Retail,DICIEMBRE,0.0
100819,BMW,Retail,ENERO,18.0
100819,BMW,Retail,FEBRERO,18.0
100819,BMW,Retail,MARZO,18.0
100819,BMW,Retail,ABRIL,18.0
100819,BMW,Retail,MAYO,19.0
100819,BMW,Retail,JUNIO,19.0
100819,BMW,Retail,JULIO,0.0
100819,BMW,Retail,AGOSTO,0.0
100819,BMW,Retail,SEPTIEMBRE,0.0
100819,BMW,Retail,OCTUBRE,0.0
100819,BMW,Retail,NOVIEMBRE,0.0
100819,BMW,Retail,DICIEMBRE,0.0
100881,BMW,Retail,ENERO,26.0
100881,BMW,Retail,FEBRERO,26.0
100881,BMW,Retail,MARZO,27.0
100881,BMW,Retail,ABRIL,27.0
100881,BMW,Retail,MAYO,27.0
100881,BMW,Retail,JUNIO,27.0
100881,BMW,Retail,JULIO,0.0
100881,BMW,Retail,AGOSTO,0.0
100881,BMW,Retail,SEPTIEMBRE,0.0
100881,BMW,Retail,OCTUBRE,0.0
100881,BMW,Retail,NOVIEMBRE,0.0
100881,BMW,Retail,DICIEMBRE,0.0
12345,BMW,Retail,ENERO,0.0
12345,BMW,Retail,FEBRERO,0.0
12345,BMW,Retail,MARZO,0.0
12345,BMW,Retail,ABRIL,0.0
12345,BMW,Retail,MAYO,0.0
12345,BMW,Retail,JUNIO,0.0
100323,MINI,Retail,ENERO,11.0
100323,MINI,Retail,FEBRERO,12.0
100323,MINI,Retail,MARZO,12.0
100323,MINI,Retail,ABRIL,11.0
100323,MINI,Retail,MAYO,12.0
100323,MINI,Retail,JUNIO,12.0
100323,MINI,Retail,JULIO,0.0
100323,MINI,Retail,AGOSTO,0.0
100323,MINI,Retail,SEPTIEMBRE,0.0
100323,MINI,Retail,OCTUBRE,0.0
100323,MINI,Retail,NOVIEMBRE,0.0
100323,MINI,Retail,DICIEMBRE,0.0
100873,MINI,Retail,ENERO,12.0
100873,MINI,Retail,FEBRERO,12.0
100873,MINI,Retail,MARZO,13.0
100873,MINI,Retail,ABRIL,12.0
100873,MINI,Retail,MAYO,13.0
100873,MINI,Retail,JUNIO,13.0
100873,MINI,Retail,JULIO,0.0
100873,MINI,Retail,AGOSTO,0.0
100873,MINI,Retail,SEPTIEMBRE,0.0
100873,MINI,Retail,OCTUBRE,0.0
100873,MINI,Retail,NOVIEMBRE,0.0
100873,MINI,Retail,DICIEMBRE,0.0
100389,MINI,Retail,ENERO,5.0
100389,MINI,Retail,FEBRERO,5.0
100389,MINI,Retail,MARZO,5.0
100389,MINI,Retail,ABRIL,5.0
100389,MINI,Retail,MAYO,5.0
100389,MINI,Retail,JUNIO,5.0
100389,MINI,Retail,JULIO,0.0
100389,MINI,Retail,AGOSTO,0.0
100389,MINI,Retail,SEPTIEMBRE,0.0
100389,MINI,Retail,OCTUBRE,0.0
100389,MINI,Retail,NOVIEMBRE,0.0
100389,MINI,Retail,DICIEMBRE,0.0
100738,MINI,Retail,ENERO,5.0
100738,MINI,Retail,FEBRERO,5.0
100738,MINI,Retail,MARZO,6.0
100738,MINI,Retail,ABRIL,5.0
100738,MINI,Retail,MAYO,5.0
100738,MINI,Retail,JUNIO,6.0
100738,MINI,Retail,JULIO,0.0
100738,MINI,Retail,AGOSTO,0.0
100738,MINI,Retail,SEPTIEMBRE,0.0
100738,MINI,Retail,OCTUBRE,0.0
100738,MINI,Retail,NOVIEMBRE,0.0
100738,MINI,Retail,DICIEMBRE,0.0
100213,MINI,Retail,ENERO,15.0
100213,MINI,Retail,FEBRERO,15.0
100213,MINI,Retail,MARZO,15.0
100213,MINI,Retail,ABRIL,15.0
100213,MINI,Retail,MAYO,15.0
100213,MINI,Retail,JUNIO,15.0
100213,MINI,Retail,JULIO,0.0
100213,MINI,Retail,AGOSTO,0.0
100213,MINI,Retail,SEPTIEMBRE,0.0
100213,MINI,Retail,OCTUBRE,0.0
100213,MINI,Retail,NOVIEMBRE,0.0
100213,MINI,Retail,DICIEMBRE,0.0
100319,MINI,Retail,ENERO,12.0
100319,MINI,Retail,FEBRERO,14.0
100319,MINI,Retail,MARZO,14.0
100319,MINI,Retail,ABRIL,12.0
100319,MINI,Retail,MAYO,14.0
100319,MINI,Retail,JUNIO,14.0
100319,MINI,Retail,JULIO,0.0
100319,MINI,Retail,AGOSTO,0.0
100319,MINI,Retail,SEPTIEMBRE,0.0
100319,MINI,Retail,OCTUBRE,0.0
100319,MINI,Retail,NOVIEMBRE,0.0
100319,MINI,Retail,DICIEMBRE,0.0
100349,MINI,Retail,ENERO,12.0
100349,MINI,Retail,FEBRERO,14.0
100349,MINI,Retail,MARZO,14.0
100349,MINI,Retail,ABRIL,12.0
100349,MINI,Retail,MAYO,14.0
100349,MINI,Retail,JUNIO,14.0
100349,MINI,Retail,JULIO,0.0
100349,MINI,Retail,AGOSTO,0.0
100349,MINI,Retail,SEPTIEMBRE,0.0
100349,MINI,Retail,OCTUBRE,0.0
100349,MINI,Retail,NOVIEMBRE,0.0
100349,MINI,Retail,DICIEMBRE,0.0
100917,MINI,Retail,ENERO,1.0
100917,MINI,Retail,FEBRERO,1.0
100917,MINI,Retail,MARZO,5.0
100917,MINI,Retail,ABRIL,6.0
100917,MINI,Retail,MAYO,6.0
100917,MINI,Retail,JUNIO,6.0
100917,MINI,Retail,JULIO,0.0
100917,MINI,Retail,AGOSTO,0.0
100917,MINI,Retail,SEPTIEMBRE,0.0
100917,MINI,Retail,OCTUBRE,0.0
100917,MINI,Retail,NOVIEMBRE,0.0
100917,MINI,Retail,DICIEMBRE,0.0
100726,MINI,Retail,ENERO,4.0
100726,MINI,Retail,FEBRERO,4.0
100726,MINI,Retail,MARZO,5.0
100726,MINI,Retail,ABRIL,4.0
100726,MINI,Retail,MAYO,5.0
100726,MINI,Retail,JUNIO,5.0
100726,MINI,Retail,JULIO,0.0
100726,MINI,Retail,AGOSTO,0.0
100726,MINI,Retail,SEPTIEMBRE,0.0
100726,MINI,Retail,OCTUBRE,0.0
100726,MINI,Retail,NOVIEMBRE,0.0
100726,MINI,Retail,DICIEMBRE,0.0
100307,MINI,Retail,ENERO,1.0
100307,MINI,Retail,FEBRERO,1.0
100307,MINI,Retail,MARZO,2.0
100307,MINI,Retail,ABRIL,1.0
100307,MINI,Retail,MAYO,1.0
100307,MINI,Retail,JUNIO,2.0
100307,MINI,Retail,JULIO,0.0
100307,MINI,Retail,AGOSTO,0.0
100307,MINI,Retail,SEPTIEMBRE,0.0
100307,MINI,Retail,OCTUBRE,0.0
100307,MINI,Retail,NOVIEMBRE,0.0
100307,MINI,Retail,DICIEMBRE,0.0
100380,MINI,Retail,ENERO,3.0
100380,MINI,Retail,FEBRERO,3.0
100380,MINI,Retail,MARZO,3.0
100380,MINI,Retail,ABRIL,3.0
100380,MINI,Retail,MAYO,4.0
100380,MINI,Retail,JUNIO,4.0
100380,MINI,Retail,JULIO,0.0
100380,MINI,Retail,AGOSTO,0.0
100380,MINI,Retail,SEPTIEMBRE,0.0
100380,MINI,Retail,OCTUBRE,0.0
100380,MINI,Retail,NOVIEMBRE,0.0
100380,MINI,Retail,DICIEMBRE,0.0
100418,MINI,Retail,ENERO,2.0
100418,MINI,Retail,FEBRERO,2.0
100418,MINI,Retail,MARZO,2.0
100418,MINI,Retail,ABRIL,2.0
100418,MINI,Retail,MAYO,2.0
100418,MINI,Retail,JUNIO,2.0
100418,MINI,Retail,JULIO,0.0
100418,MINI,Retail,AGOSTO,0.0
100418,MINI,Retail,SEPTIEMBRE,0.0
100418,MINI,Retail,OCTUBRE,0.0
100418,MINI,Retail,NOVIEMBRE,0.0
100418,MINI,Retail,DICIEMBRE,0.0
100730,MINI,Retail,ENERO,3.0
100730,MINI,Retail,FEBRERO,4.0
100730,MINI,Retail,MARZO,4.0
100730,MINI,Retail,ABRIL,4.0
100730,MINI,Retail,MAYO,4.0
100730,MINI,Retail,JUNIO,4.0
100730,MINI,Retail,JULIO,0.0
100730,MINI,Retail,AGOSTO,0.0
100730,MINI,Retail,SEPTIEMBRE,0.0
100730,MINI,Retail,OCTUBRE,0.0
100730,MINI,Retail,NOVIEMBRE,0.0
100730,MINI,Retail,DICIEMBRE,0.0
100764,MINI,Retail,ENERO,2.0
100764,MINI,Retail,FEBRERO,2.0
100764,MINI,Retail,MARZO,2.0
100764,MINI,Retail,ABRIL,2.0
100764,MINI,Retail,MAYO,2.0
100764,MINI,Retail,JUNIO,3.0
100764,MINI,Retail,JULIO,0.0
100764,MINI,Retail,AGOSTO,0.0
100764,MINI,Retail,SEPTIEMBRE,0.0
100764,MINI,Retail,OCTUBRE,0.0
100764,MINI,Retail,NOVIEMBRE,0.0
100764,MINI,Retail,DICIEMBRE,0.0
100120,MINI,Retail,ENERO,0.0
100120,MINI,Retail,FEBRERO,0.0
100120,MINI,Retail,MARZO,0.0
100120,MINI,Retail,ABRIL,0.0
100120,MINI,Retail,MAYO,0.0
100120,MINI,Retail,JUNIO,0.0
100120,MINI,Retail,JULIO,0.0
100120,MINI,Retail,AGOSTO,0.0
100120,MINI,Retail,SEPTIEMBRE,0.0
100120,MINI,Retail,OCTUBRE,0.0
100120,MINI,Retail,NOVIEMBRE,0.0
100120,MINI,Retail,DICIEMBRE,0.0
100146,MINI,Retail,ENERO,1.0
100146,MINI,Retail,FEBRERO,1.0
100146,MINI,Retail,MARZO,1.0
100146,MINI,Retail,ABRIL,1.0
100146,MINI,Retail,MAYO,1.0
100146,MINI,Retail,JUNIO,2.0
100146,MINI,Retail,JULIO,0.0
100146,MINI,Retail,AGOSTO,0.0
100146,MINI,Retail,SEPTIEMBRE,0.0
100146,MINI,Retail,OCTUBRE,0.0
100146,MINI,Retail,NOVIEMBRE,0.0
100146,MINI,Retail,DICIEMBRE,0.0
100155,MINI,Retail,ENERO,2.0
100155,MINI,Retail,FEBRERO,2.0
100155,MINI,Retail,MARZO,2.0
100155,MINI,Retail,ABRIL,2.0
100155,MINI,Retail,MAYO,2.0
100155,MINI,Retail,JUNIO,2.0
100155,MINI,Retail,JULIO,0.0
100155,MINI,Retail,AGOSTO,0.0
100155,MINI,Retail,SEPTIEMBRE,0.0
100155,MINI,Retail,OCTUBRE,0.0
100155,MINI,Retail,NOVIEMBRE,0.0
100155,MINI,Retail,DICIEMBRE,0.0
100304,MINI,Retail,ENERO,5.0
100304,MINI,Retail,FEBRERO,5.0
100304,MINI,Retail,MARZO,5.0
100304,MINI,Retail,ABRIL,5.0
100304,MINI,Retail,MAYO,5.0
100304,MINI,Retail,JUNIO,5.0
100304,MINI,Retail,JULIO,0.0
100304,MINI,Retail,AGOSTO,0.0
100304,MINI,Retail,SEPTIEMBRE,0.0
100304,MINI,Retail,OCTUBRE,0.0
100304,MINI,Retail,NOVIEMBRE,0.0
100304,MINI,Retail,DICIEMBRE,0.0
100346,MINI,Retail,ENERO,2.0
100346,MINI,Retail,FEBRERO,3.0
100346,MINI,Retail,MARZO,3.0
100346,MINI,Retail,ABRIL,3.0
100346,MINI,Retail,MAYO,3.0
100346,MINI,Retail,JUNIO,3.0
100346,MINI,Retail,JULIO,3.0
100346,MINI,Retail,AGOSTO,3.0
100346,MINI,Retail,SEPTIEMBRE,3.0
100346,MINI,Retail,OCTUBRE,3.0
100346,MINI,Retail,NOVIEMBRE,3.0
100346,MINI,Retail,DICIEMBRE,3.0
100571,MINI,Retail,ENERO,1.0
100571,MINI,Retail,FEBRERO,1.0
100571,MINI,Retail,MARZO,1.0
100571,MINI,Retail,ABRIL,1.0
100571,MINI,Retail,MAYO,1.0
100571,MINI,Retail,JUNIO,1.0
100571,MINI,Retail,JULIO,0.0
100571,MINI,Retail,AGOSTO,0.0
100571,MINI,Retail,SEPTIEMBRE,0.0
100571,MINI,Retail,OCTUBRE,0.0
100571,MINI,Retail,NOVIEMBRE,0.0
100571,MINI,Retail,DICIEMBRE,0.0
100015,MINI,Retail,ENERO,3.0
100015,MINI,Retail,FEBRERO,3.0
100015,MINI,Retail,MARZO,3.0
100015,MINI,Retail,ABRIL,3.0
100015,MINI,Retail,MAYO,4.0
100015,MINI,Retail,JUNIO,4.0
100015,MINI,Retail,JULIO,3.0
100015,MINI,Retail,AGOSTO,2.0
100015,MINI,Retail,SEPTIEMBRE,3.0
100015,MINI,Retail,OCTUBRE,3.0
100015,MINI,Retail,NOVIEMBRE,3.0
100015,MINI,Retail,DICIEMBRE,3.0
100190,MINI,Retail,ENERO,3.0
100190,MINI,Retail,FEBRERO,3.0
100190,MINI,Retail,MARZO,4.0
100190,MINI,Retail,ABRIL,4.0
100190,MINI,Retail,MAYO,4.0
100190,MINI,Retail,JUNIO,4.0
100190,MINI,Retail,JULIO,4.0
100190,MINI,Retail,AGOSTO,2.0
100190,MINI,Retail,SEPTIEMBRE,4.0
100190,MINI,Retail,OCTUBRE,4.0
100190,MINI,Retail,NOVIEMBRE,4.0
100190,MINI,Retail,DICIEMBRE,4.0
100379,MINI,Retail,ENERO,5.0
100379,MINI,Retail,FEBRERO,5.0
100379,MINI,Retail,MARZO,5.0
100379,MINI,Retail,ABRIL,5.0
100379,MINI,Retail,MAYO,5.0
100379,MINI,Retail,JUNIO,5.0
100379,MINI,Retail,JULIO,4.0
100379,MINI,Retail,AGOSTO,4.0
100379,MINI,Retail,SEPTIEMBRE,4.0
100379,MINI,Retail,OCTUBRE,4.0
100379,MINI,Retail,NOVIEMBRE,4.0
100379,MINI,Retail,DICIEMBRE,4.0
100410,MINI,Retail,ENERO,7.0
100410,MINI,Retail,FEBRERO,7.0
100410,MINI,Retail,MARZO,8.0
100410,MINI,Retail,ABRIL,7.0
100410,MINI,Retail,MAYO,8.0
100410,MINI,Retail,JUNIO,8.0
100410,MINI,Retail,JULIO,0.0
100410,MINI,Retail,AGOSTO,0.0
100410,MINI,Retail,SEPTIEMBRE,0.0
100410,MINI,Retail,OCTUBRE,0.0
100410,MINI,Retail,NOVIEMBRE,0.0
100410,MINI,Retail,DICIEMBRE,0.0
100739,MINI,Retail,ENERO,1.0
100739,MINI,Retail,FEBRERO,1.0
100739,MINI,Retail,MARZO,2.0
100739,MINI,Retail,ABRIL,2.0
100739,MINI,Retail,MAYO,2.0
100739,MINI,Retail,JUNIO,2.0
100739,MINI,Retail,JULIO,2.0
100739,MINI,Retail,AGOSTO,1.0
100739,MINI,Retail,SEPTIEMBRE,2.0
100739,MINI,Retail,OCTUBRE,2.0
100739,MINI,Retail,NOVIEMBRE,2.0
100739,MINI,Retail,DICIEMBRE,2.0
100348,MINI,Retail,ENERO,5.0
100348,MINI,Retail,FEBRERO,5.0
100348,MINI,Retail,MARZO,5.0
100348,MINI,Retail,ABRIL,5.0
100348,MINI,Retail,MAYO,5.0
100348,MINI,Retail,JUNIO,5.0
100348,MINI,Retail,JULIO,0.0
100348,MINI,Retail,AGOSTO,0.0
100348,MINI,Retail,SEPTIEMBRE,0.0
100348,MINI,Retail,OCTUBRE,0.0
100348,MINI,Retail,NOVIEMBRE,0.0
100348,MINI,Retail,DICIEMBRE,0.0
100585,MINI,Retail,ENERO,0.0
100585,MINI,Retail,FEBRERO,0.0
100585,MINI,Retail,MARZO,0.0
100585,MINI,Retail,ABRIL,0.0
100585,MINI,Retail,MAYO,0.0
100585,MINI,Retail,JUNIO,0.0
100585,MINI,Retail,JULIO,1.0
100585,MINI,Retail,AGOSTO,1.0
100585,MINI,Retail,SEPTIEMBRE,1.0
100585,MINI,Retail,OCTUBRE,1.0
100585,MINI,Retail,NOVIEMBRE,1.0
100585,MINI,Retail,DICIEMBRE,1.0
100727,MINI,Retail,ENERO,2.0
100727,MINI,Retail,FEBRERO,2.0
100727,MINI,Retail,MARZO,3.0
100727,MINI,Retail,ABRIL,2.0
100727,MINI,Retail,MAYO,3.0
100727,MINI,Retail,JUNIO,3.0
100727,MINI,Retail,JULIO,0.0
100727,MINI,Retail,AGOSTO,0.0
100727,MINI,Retail,SEPTIEMBRE,0.0
100727,MINI,Retail,OCTUBRE,0.0
100727,MINI,Retail,NOVIEMBRE,0.0
100727,MINI,Retail,DICIEMBRE,0.0
100728,MINI,Retail,ENERO,9.0
100728,MINI,Retail,FEBRERO,9.0
100728,MINI,Retail,MARZO,9.0
100728,MINI,Retail,ABRIL,9.0
100728,MINI,Retail,MAYO,9.0
100728,MINI,Retail,JUNIO,10.0
100728,MINI,Retail,JULIO,13.0
100728,MINI,Retail,AGOSTO,11.0
100728,MINI,Retail,SEPTIEMBRE,13.0
100728,MINI,Retail,OCTUBRE,13.0
100728,MINI,Retail,NOVIEMBRE,13.0
100728,MINI,Retail,DICIEMBRE,13.0
100817,MINI,Retail,ENERO,11.0
100817,MINI,Retail,FEBRERO,12.0
100817,MINI,Retail,MARZO,12.0
100817,MINI,Retail,ABRIL,11.0
100817,MINI,Retail,MAYO,12.0
100817,MINI,Retail,JUNIO,12.0
100817,MINI,Retail,JULIO,13.0
100817,MINI,Retail,AGOSTO,13.0
100817,MINI,Retail,SEPTIEMBRE,13.0
100817,MINI,Retail,OCTUBRE,13.0
100817,MINI,Retail,NOVIEMBRE,13.0
100817,MINI,Retail,DICIEMBRE,13.0
100909,MINI,Retail,ENERO,10.0
100909,MINI,Retail,FEBRERO,10.0
100909,MINI,Retail,MARZO,10.0
100909,MINI,Retail,ABRIL,10.0
100909,MINI,Retail,MAYO,10.0
100909,MINI,Retail,JUNIO,10.0
100909,MINI,Retail,JULIO,0.0
100909,MINI,Retail,AGOSTO,0.0
100909,MINI,Retail,SEPTIEMBRE,0.0
100909,MINI,Retail,OCTUBRE,0.0
100909,MINI,Retail,NOVIEMBRE,0.0
100909,MINI,Retail,DICIEMBRE,0.0
100572,MINI,Retail,ENERO,22.0
100572,MINI,Retail,FEBRERO,22.0
100572,MINI,Retail,MARZO,23.0
100572,MINI,Retail,ABRIL,22.0
100572,MINI,Retail,MAYO,23.0
100572,MINI,Retail,JUNIO,23.0
100572,MINI,Retail,JULIO,0.0
100572,MINI,Retail,AGOSTO,0.0
100572,MINI,Retail,SEPTIEMBRE,0.0
100572,MINI,Retail,OCTUBRE,0.0
100572,MINI,Retail,NOVIEMBRE,0.0
100572,MINI,Retail,DICIEMBRE,0.0
100002,MINI,Retail,ENERO,7.0
100002,MINI,Retail,FEBRERO,7.0
100002,MINI,Retail,MARZO,7.0
100002,MINI,Retail,ABRIL,7.0
100002,MINI,Retail,MAYO,7.0
100002,MINI,Retail,JUNIO,7.0
100002,MINI,Retail,JULIO,0.0
100002,MINI,Retail,AGOSTO,0.0
100002,MINI,Retail,SEPTIEMBRE,0.0
100002,MINI,Retail,OCTUBRE,0.0
100002,MINI,Retail,NOVIEMBRE,0.0
100002,MINI,Retail,DICIEMBRE,0.0
100062,MINI,Retail,ENERO,9.0
100062,MINI,Retail,FEBRERO,9.0
100062,MINI,Retail,MARZO,9.0
100062,MINI,Retail,ABRIL,9.0
100062,MINI,Retail,MAYO,9.0
100062,MINI,Retail,JUNIO,10.0
100062,MINI,Retail,JULIO,0.0
100062,MINI,Retail,AGOSTO,0.0
100062,MINI,Retail,SEPTIEMBRE,0.0
100062,MINI,Retail,OCTUBRE,0.0
100062,MINI,Retail,NOVIEMBRE,0.0
100062,MINI,Retail,DICIEMBRE,0.0
100206,MINI,Retail,ENERO,8.0
100206,MINI,Retail,FEBRERO,9.0
100206,MINI,Retail,MARZO,9.0
100206,MINI,Retail,ABRIL,8.0
100206,MINI,Retail,MAYO,9.0
100206,MINI,Retail,JUNIO,9.0
100206,MINI,Retail,JULIO,0.0
100206,MINI,Retail,AGOSTO,0.0
100206,MINI,Retail,SEPTIEMBRE,0.0
100206,MINI,Retail,OCTUBRE,0.0
100206,MINI,Retail,NOVIEMBRE,0.0
100206,MINI,Retail,DICIEMBRE,0.0
100394,MINI,Retail,ENERO,2.0
100394,MINI,Retail,FEBRERO,2.0
100394,MINI,Retail,MARZO,3.0
100394,MINI,Retail,ABRIL,2.0
100394,MINI,Retail,MAYO,3.0
100394,MINI,Retail,JUNIO,3.0
100394,MINI,Retail,JULIO,0.0
100394,MINI,Retail,AGOSTO,0.0
100394,MINI,Retail,SEPTIEMBRE,0.0
100394,MINI,Retail,OCTUBRE,0.0
100394,MINI,Retail,NOVIEMBRE,0.0
100394,MINI,Retail,DICIEMBRE,0.0
100468,MINI,Retail,ENERO,4.0
100468,MINI,Retail,FEBRERO,4.0
100468,MINI,Retail,MARZO,5.0
100468,MINI,Retail,ABRIL,4.0
100468,MINI,Retail,MAYO,4.0
100468,MINI,Retail,JUNIO,5.0
100468,MINI,Retail,JULIO,0.0
100468,MINI,Retail,AGOSTO,0.0
100468,MINI,Retail,SEPTIEMBRE,0.0
100468,MINI,Retail,OCTUBRE,0.0
100468,MINI,Retail,NOVIEMBRE,0.0
100468,MINI,Retail,DICIEMBRE,0.0
100734,MINI,Retail,ENERO,21.0
100734,MINI,Retail,FEBRERO,22.0
100734,MINI,Retail,MARZO,22.0
100734,MINI,Retail,ABRIL,21.0
100734,MINI,Retail,MAYO,22.0
100734,MINI,Retail,JUNIO,22.0
100734,MINI,Retail,JULIO,0.0
100734,MINI,Retail,AGOSTO,0.0
100734,MINI,Retail,SEPTIEMBRE,0.0
100734,MINI,Retail,OCTUBRE,0.0
100734,MINI,Retail,NOVIEMBRE,0.0
100734,MINI,Retail,DICIEMBRE,0.0
100311,MINI,Retail,ENERO,6.0
100311,MINI,Retail,FEBRERO,6.0
100311,MINI,Retail,MARZO,6.0
100311,MINI,Retail,ABRIL,7.0
100311,MINI,Retail,MAYO,7.0
100311,MINI,Retail,JUNIO,8.0
100311,MINI,Retail,JULIO,8.0
100311,MINI,Retail,AGOSTO,4.0
100311,MINI,Retail,SEPTIEMBRE,8.0
100311,MINI,Retail,OCTUBRE,8.0
100311,MINI,Retail,NOVIEMBRE,8.0
100311,MINI,Retail,DICIEMBRE,8.0
100393,MINI,Retail,ENERO,6.0
100393,MINI,Retail,FEBRERO,7.0
100393,MINI,Retail,MARZO,7.0
100393,MINI,Retail,ABRIL,6.0
100393,MINI,Retail,MAYO,7.0
100393,MINI,Retail,JUNIO,7.0
100393,MINI,Retail,JULIO,0.0
100393,MINI,Retail,AGOSTO,0.0
100393,MINI,Retail,SEPTIEMBRE,0.0
100393,MINI,Retail,OCTUBRE,0.0
100393,MINI,Retail,NOVIEMBRE,0.0
100393,MINI,Retail,DICIEMBRE,0.0
100586,MINI,Retail,ENERO,13.0
100586,MINI,Retail,FEBRERO,13.0
100586,MINI,Retail,MARZO,14.0
100586,MINI,Retail,ABRIL,13.0
100586,MINI,Retail,MAYO,13.0
100586,MINI,Retail,JUNIO,14.0
100586,MINI,Retail,JULIO,0.0
100586,MINI,Retail,AGOSTO,0.0
100586,MINI,Retail,SEPTIEMBRE,0.0
100586,MINI,Retail,OCTUBRE,0.0
100586,MINI,Retail,NOVIEMBRE,0.0
100586,MINI,Retail,DICIEMBRE,0.0
100813,MINI,Retail,ENERO,4.0
100813,MINI,Retail,FEBRERO,4.0
100813,MINI,Retail,MARZO,4.0
100813,MINI,Retail,ABRIL,4.0
100813,MINI,Retail,MAYO,4.0
100813,MINI,Retail,JUNIO,5.0
100813,MINI,Retail,JULIO,0.0
100813,MINI,Retail,AGOSTO,0.0
100813,MINI,Retail,SEPTIEMBRE,0.0
100813,MINI,Retail,OCTUBRE,0.0
100813,MINI,Retail,NOVIEMBRE,0.0
100813,MINI,Retail,DICIEMBRE,0.0
100344,MINI,Retail,ENERO,7.0
100344,MINI,Retail,FEBRERO,7.0
100344,MINI,Retail,MARZO,7.0
100344,MINI,Retail,ABRIL,8.0
100344,MINI,Retail,MAYO,8.0
100344,MINI,Retail,JUNIO,8.0
100344,MINI,Retail,JULIO,0.0
100344,MINI,Retail,AGOSTO,0.0
100344,MINI,Retail,SEPTIEMBRE,0.0
100344,MINI,Retail,OCTUBRE,0.0
100344,MINI,Retail,NOVIEMBRE,0.0
100344,MINI,Retail,DICIEMBRE,0.0
100422,MINI,Retail,ENERO,2.0
100422,MINI,Retail,FEBRERO,3.0
100422,MINI,Retail,MARZO,3.0
100422,MINI,Retail,ABRIL,3.0
100422,MINI,Retail,MAYO,3.0
100422,MINI,Retail,JUNIO,3.0
100422,MINI,Retail,JULIO,0.0
100422,MINI,Retail,AGOSTO,0.0
100422,MINI,Retail,SEPTIEMBRE,0.0
100422,MINI,Retail,OCTUBRE,0.0
100422,MINI,Retail,NOVIEMBRE,0.0
100422,MINI,Retail,DICIEMBRE,0.0
100549,MINI,Retail,ENERO,2.0
100549,MINI,Retail,FEBRERO,2.0
100549,MINI,Retail,MARZO,2.0
100549,MINI,Retail,ABRIL,2.0
100549,MINI,Retail,MAYO,2.0
100549,MINI,Retail,JUNIO,2.0
100549,MINI,Retail,JULIO,0.0
100549,MINI,Retail,AGOSTO,0.0
100549,MINI,Retail,SEPTIEMBRE,0.0
100549,MINI,Retail,OCTUBRE,0.0
100549,MINI,Retail,NOVIEMBRE,0.0
100549,MINI,Retail,DICIEMBRE,0.0
100589,MINI,Retail,ENERO,6.0
100589,MINI,Retail,FEBRERO,6.0
100589,MINI,Retail,MARZO,6.0
100589,MINI,Retail,ABRIL,6.0
100589,MINI,Retail,MAYO,6.0
100589,MINI,Retail,JUNIO,6.0
100589,MINI,Retail,JULIO,0.0
100589,MINI,Retail,AGOSTO,0.0
100589,MINI,Retail,SEPTIEMBRE,0.0
100589,MINI,Retail,OCTUBRE,0.0
100589,MINI,Retail,NOVIEMBRE,0.0
100589,MINI,Retail,DICIEMBRE,0.0
100819,MINI,Retail,ENERO,2.0
100819,MINI,Retail,FEBRERO,2.0
100819,MINI,Retail,MARZO,2.0
100819,MINI,Retail,ABRIL,3.0
100819,MINI,Retail,MAYO,3.0
100819,MINI,Retail,JUNIO,3.0
100819,MINI,Retail,JULIO,0.0
100819,MINI,Retail,AGOSTO,0.0
100819,MINI,Retail,SEPTIEMBRE,0.0
100819,MINI,Retail,OCTUBRE,0.0
100819,MINI,Retail,NOVIEMBRE,0.0
100819,MINI,Retail,DICIEMBRE,0.0
100881,MINI,Retail,ENERO,4.0
100881,MINI,Retail,FEBRERO,4.0
100881,MINI,Retail,MARZO,4.0
100881,MINI,Retail,ABRIL,4.0
100881,MINI,Retail,MAYO,4.0
100881,MINI,Retail,JUNIO,5.0
100881,MINI,Retail,JULIO,0.0
100881,MINI,Retail,AGOSTO,0.0
100881,MINI,Retail,SEPTIEMBRE,0.0
100881,MINI,Retail,OCTUBRE,0.0
100881,MINI,Retail,NOVIEMBRE,0.0
100881,MINI,Retail,DICIEMBRE,0.0
12345,MINI,Retail,ENERO,0.0
12345,MINI,Retail,FEBRERO,0.0
12345,MINI,Retail,MARZO,0.0
12345,MINI,Retail,ABRIL,0.0
12345,MINI,Retail,MAYO,0.0
12345,MINI,Retail,JUNIO,0.0
12345,MINI,Retail,JULIO,0.0
12345,MINI,Retail,AGOSTO,0.0
12345,MINI,Retail,SEPTIEMBRE,0.0
12345,MINI,Retail,OCTUBRE,0.0
12345,MINI,Retail,NOVIEMBRE,0.0
12345,MINI,Retail,DICIEMBRE,0.0
